subscriber_id,date,time,location_id,outgoing
05B835LA29,2016-05-01,22:17:24,0,False
05B835LA29,2016-05-01,22:17:24,2,False
05B835LA29,2016-05-01,22:17:24,3,False
05B835LA29,2016-05-25,18:18:22,0,True
05B835LA29,2016-05-25,18:18:22,2,True
05B835LA29,2016-05-25,18:18:22,3,True
05B835LA29,2016-05-16,14:40:50,0,False
05B835LA29,2016-05-16,14:40:50,2,False
05B835LA29,2016-05-16,14:40:50,3,False
05B835LA29,2016-05-16,08:50:57,0,False
05B835LA29,2016-05-16,08:50:57,2,False
05B835LA29,2016-05-16,08:50:57,3,False
05B835LA29,2016-05-24,06:30:36,0,False
05B835LA29,2016-05-24,06:30:36,2,False
05B835LA29,2016-05-24,06:30:36,3,False
05B835LA29,2016-05-16,18:43:26,0,True
05B835LA29,2016-05-16,18:43:26,2,True
05B835LA29,2016-05-16,18:43:26,3,True
05B835LA29,2016-05-24,09:59:51,0,False
05B835LA29,2016-05-24,09:59:51,2,False
05B835LA29,2016-05-24,09:59:51,3,False
05B835LA29,2016-05-25,16:10:41,0,False
05B835LA29,2016-05-25,16:10:41,2,False
05B835LA29,2016-05-25,16:10:41,3,False
05B835LA29,2016-05-23,18:29:05,0,False
05B835LA29,2016-05-23,18:29:05,2,False
05B835LA29,2016-05-23,18:29:05,3,False
05B835LA29,2016-05-23,22:12:35,0,False
05B835LA29,2016-05-23,22:12:35,2,False
05B835LA29,2016-05-23,22:12:35,3,False
05B835LA29,2016-05-22,05:14:41,0,True
05B835LA29,2016-05-22,05:14:41,2,True
05B835LA29,2016-05-22,05:14:41,3,True
05B835LA29,2016-05-18,21:42:08,0,False
05B835LA29,2016-05-18,21:42:08,2,False
05B835LA29,2016-05-18,21:42:08,3,False
05B835LA29,2016-05-17,16:52:25,0,True
05B835LA29,2016-05-17,16:52:25,2,True
05B835LA29,2016-05-17,16:52:25,3,True
05B835LA29,2016-05-18,21:35:58,0,False
05B835LA29,2016-05-18,21:35:58,2,False
05B835LA29,2016-05-18,21:35:58,3,False
05B835LA29,2016-05-25,12:18:01,0,False
05B835LA29,2016-05-25,12:18:01,2,False
05B835LA29,2016-05-25,12:18:01,3,False
05B835LA29,2016-05-23,18:56:17,0,False
05B835LA29,2016-05-23,18:56:17,2,False
05B835LA29,2016-05-23,18:56:17,3,False
05B835LA29,2016-05-20,14:52:03,0,False
05B835LA29,2016-05-20,14:52:03,2,False
05B835LA29,2016-05-20,14:52:03,3,False
05B835LA29,2016-05-20,12:52:20,0,False
05B835LA29,2016-05-20,12:52:20,2,False
05B835LA29,2016-05-20,12:52:20,3,False
05B835LA29,2016-05-20,10:56:39,0,False
05B835LA29,2016-05-20,10:56:39,2,False
05B835LA29,2016-05-20,10:56:39,3,False
05B835LA29,2016-05-20,15:34:05,0,False
05B835LA29,2016-05-20,15:34:05,2,False
05B835LA29,2016-05-20,15:34:05,3,False
05B835LA29,2016-05-20,07:18:14,0,False
05B835LA29,2016-05-20,07:18:14,2,False
05B835LA29,2016-05-20,07:18:14,3,False
05B835LA29,2016-05-20,10:04:36,0,False
05B835LA29,2016-05-20,10:04:36,2,False
05B835LA29,2016-05-20,10:04:36,3,False
05B835LA29,2016-05-17,21:24:34,0,False
05B835LA29,2016-05-17,21:24:34,2,False
05B835LA29,2016-05-17,21:24:34,3,False
05B835LA29,2016-05-18,23:01:50,0,False
05B835LA29,2016-05-18,23:01:50,2,False
05B835LA29,2016-05-18,23:01:50,3,False
05B835LA29,2016-05-21,19:10:37,0,True
05B835LA29,2016-05-21,19:10:37,2,True
05B835LA29,2016-05-21,19:10:37,3,True
05B835LA29,2016-05-21,18:57:16,0,False
05B835LA29,2016-05-21,18:57:16,2,False
05B835LA29,2016-05-21,18:57:16,3,False
05B835LA29,2016-05-21,20:40:21,0,True
05B835LA29,2016-05-21,20:40:21,2,True
05B835LA29,2016-05-21,20:40:21,3,True
05B835LA29,2016-05-20,19:27:16,0,False
05B835LA29,2016-05-20,19:27:16,2,False
05B835LA29,2016-05-20,19:27:16,3,False
05B835LA29,2016-05-21,17:05:01,0,False
05B835LA29,2016-05-21,17:05:01,2,False
05B835LA29,2016-05-21,17:05:01,3,False
05B835LA29,2016-05-04,11:40:13,0,False
05B835LA29,2016-05-04,11:40:13,2,False
05B835LA29,2016-05-04,11:40:13,3,False
05B835LA29,2016-05-05,21:07:00,0,False
05B835LA29,2016-05-05,21:07:00,2,False
05B835LA29,2016-05-05,21:07:00,3,False
05B835LA29,2016-05-01,19:33:31,0,False
05B835LA29,2016-05-01,19:33:31,2,False
05B835LA29,2016-05-01,19:33:31,3,False
05B835LA29,2016-05-01,19:17:36,0,True
05B835LA29,2016-05-01,19:17:36,2,True
05B835LA29,2016-05-01,19:17:36,3,True
05B835LA29,2016-05-29,19:53:31,0,True
05B835LA29,2016-05-29,19:53:31,2,True
05B835LA29,2016-05-29,19:53:31,3,True
05B835LA29,2016-05-06,04:38:22,0,True
05B835LA29,2016-05-06,04:38:22,2,True
05B835LA29,2016-05-06,04:38:22,3,True
05B835LA29,2016-05-29,17:52:30,0,False
05B835LA29,2016-05-29,17:52:30,2,False
05B835LA29,2016-05-29,17:52:30,3,False
05B835LA29,2016-05-30,14:33:03,0,False
05B835LA29,2016-05-30,14:33:03,2,False
05B835LA29,2016-05-30,14:33:03,3,False
05B835LA29,2016-05-05,15:54:15,0,False
05B835LA29,2016-05-05,15:54:15,2,False
05B835LA29,2016-05-05,15:54:15,3,False
05B835LA29,2016-05-01,19:03:26,0,True
05B835LA29,2016-05-01,19:03:26,2,True
05B835LA29,2016-05-01,19:03:26,3,True
05B835LA29,2016-05-01,17:48:42,0,False
05B835LA29,2016-05-01,17:48:42,2,False
05B835LA29,2016-05-01,17:48:42,3,False
05B835LA29,2016-05-03,12:38:45,0,False
05B835LA29,2016-05-03,12:38:45,2,False
05B835LA29,2016-05-03,12:38:45,3,False
05B835LA29,2016-05-05,12:28:01,0,True
05B835LA29,2016-05-05,12:28:01,2,True
05B835LA29,2016-05-05,12:28:01,3,True
05B835LA29,2016-05-05,12:27:52,0,False
05B835LA29,2016-05-05,12:27:52,2,False
05B835LA29,2016-05-05,12:27:52,3,False
05B835LA29,2016-05-03,13:36:47,0,False
05B835LA29,2016-05-03,13:36:47,2,False
05B835LA29,2016-05-03,13:36:47,3,False
05B835LA29,2016-05-29,15:38:38,0,False
05B835LA29,2016-05-29,15:38:38,2,False
05B835LA29,2016-05-29,15:38:38,3,False
05B835LA29,2016-05-29,11:06:48,0,False
05B835LA29,2016-05-29,11:06:48,2,False
05B835LA29,2016-05-29,11:06:48,3,False
05B835LA29,2016-05-17,19:37:23,0,False
05B835LA29,2016-05-17,19:37:23,2,False
05B835LA29,2016-05-17,19:37:23,3,False
05B835LA29,2016-05-17,16:08:29,0,False
05B835LA29,2016-05-17,16:08:29,2,False
05B835LA29,2016-05-17,16:08:29,3,False
05B835LA29,2016-05-17,17:04:04,0,False
05B835LA29,2016-05-17,17:04:04,2,False
05B835LA29,2016-05-17,17:04:04,3,False
05B835LA29,2016-05-17,13:09:52,0,True
05B835LA29,2016-05-17,13:09:52,2,True
05B835LA29,2016-05-17,13:09:52,3,True
05B835LA29,2016-05-17,06:54:36,0,True
05B835LA29,2016-05-17,06:54:36,2,True
05B835LA29,2016-05-17,06:54:36,3,True
05B835LA29,2016-05-17,15:22:57,0,True
05B835LA29,2016-05-17,15:22:57,2,True
05B835LA29,2016-05-17,15:22:57,3,True
05B835LA29,2016-05-29,07:50:41,0,True
05B835LA29,2016-05-29,07:50:41,2,True
05B835LA29,2016-05-29,07:50:41,3,True
05B835LA29,2016-05-29,13:35:16,0,False
05B835LA29,2016-05-29,13:35:16,2,False
05B835LA29,2016-05-29,13:35:16,3,False
05B835LA29,2016-05-01,22:45:41,0,False
05B835LA29,2016-05-01,22:45:41,2,False
05B835LA29,2016-05-01,22:45:41,3,False
05B835LA29,2016-05-04,12:14:54,0,False
05B835LA29,2016-05-04,12:14:54,2,False
05B835LA29,2016-05-04,12:14:54,3,False
05B835LA29,2016-05-04,14:06:26,0,True
05B835LA29,2016-05-04,14:06:26,2,True
05B835LA29,2016-05-04,14:06:26,3,True
05B835LA29,2016-05-04,15:44:28,0,False
05B835LA29,2016-05-04,15:44:28,2,False
05B835LA29,2016-05-04,15:44:28,3,False
05B835LA29,2016-05-02,04:53:09,0,True
05B835LA29,2016-05-02,04:53:09,2,True
05B835LA29,2016-05-02,04:53:09,3,True
05B835LA29,2016-05-02,11:27:06,0,False
05B835LA29,2016-05-02,11:27:06,2,False
05B835LA29,2016-05-02,11:27:06,3,False
05B835LA29,2016-05-02,19:39:27,0,True
05B835LA29,2016-05-02,19:39:27,2,True
05B835LA29,2016-05-02,19:39:27,3,True
05B835LA29,2016-05-01,09:51:00,0,False
05B835LA29,2016-05-01,09:51:00,2,False
05B835LA29,2016-05-01,09:51:00,3,False
05B835LA29,2016-05-18,17:06:39,0,False
05B835LA29,2016-05-18,17:06:39,2,False
05B835LA29,2016-05-18,17:06:39,3,False
05B835LA29,2016-05-14,20:23:59,0,True
05B835LA29,2016-05-14,20:23:59,2,True
05B835LA29,2016-05-14,20:23:59,3,True
05B835LA29,2016-05-14,17:42:25,0,False
05B835LA29,2016-05-14,17:42:25,2,False
05B835LA29,2016-05-14,17:42:25,3,False
05B835LA29,2016-05-14,15:59:47,0,True
05B835LA29,2016-05-14,15:59:47,2,True
05B835LA29,2016-05-14,15:59:47,3,True
05B835LA29,2016-05-14,12:57:21,0,False
05B835LA29,2016-05-14,12:57:21,2,False
05B835LA29,2016-05-14,12:57:21,3,False
05B835LA29,2016-05-14,05:16:30,0,True
05B835LA29,2016-05-14,05:16:30,2,True
05B835LA29,2016-05-14,05:16:30,3,True
05B835LA29,2016-05-07,15:12:12,0,False
05B835LA29,2016-05-07,15:12:12,2,False
05B835LA29,2016-05-07,15:12:12,3,False
05B835LA29,2016-05-08,08:42:26,0,False
05B835LA29,2016-05-08,08:42:26,2,False
05B835LA29,2016-05-08,08:42:26,3,False
05B835LA29,2016-05-26,21:35:37,0,True
05B835LA29,2016-05-26,21:35:37,2,True
05B835LA29,2016-05-26,21:35:37,3,True
05B835LA29,2016-05-12,08:44:01,0,False
05B835LA29,2016-05-12,08:44:01,2,False
05B835LA29,2016-05-12,08:44:01,3,False
05B835LA29,2016-05-13,14:24:33,0,False
05B835LA29,2016-05-13,14:24:33,2,False
05B835LA29,2016-05-13,14:24:33,3,False
05B835LA29,2016-05-12,17:22:01,0,True
05B835LA29,2016-05-12,17:22:01,2,True
05B835LA29,2016-05-12,17:22:01,3,True
05B835LA29,2016-05-15,23:00:51,0,False
05B835LA29,2016-05-15,23:00:51,2,False
05B835LA29,2016-05-15,23:00:51,3,False
05B835LA29,2016-05-26,14:03:34,0,False
05B835LA29,2016-05-26,14:03:34,2,False
05B835LA29,2016-05-26,14:03:34,3,False
05B835LA29,2016-05-26,08:10:08,0,False
05B835LA29,2016-05-26,08:10:08,2,False
05B835LA29,2016-05-26,08:10:08,3,False
05B835LA29,2016-05-13,11:31:49,0,False
05B835LA29,2016-05-13,11:31:49,2,False
05B835LA29,2016-05-13,11:31:49,3,False
05B835LA29,2016-05-11,10:19:15,0,False
05B835LA29,2016-05-11,10:19:15,2,False
05B835LA29,2016-05-11,10:19:15,3,False
05B835LA29,2016-05-26,19:51:16,0,True
05B835LA29,2016-05-26,19:51:16,2,True
05B835LA29,2016-05-26,19:51:16,3,True
05B835LA29,2016-05-21,04:15:44,0,True
05B835LA29,2016-05-21,04:15:44,2,True
05B835LA29,2016-05-21,04:15:44,3,True
05B835LA29,2016-05-09,10:19:41,0,False
05B835LA29,2016-05-09,10:19:41,2,False
05B835LA29,2016-05-09,10:19:41,3,False
05B835LA29,2016-05-18,15:12:44,0,False
05B835LA29,2016-05-18,15:12:44,2,False
05B835LA29,2016-05-18,15:12:44,3,False
05B835LA29,2016-05-07,18:25:34,0,False
05B835LA29,2016-05-07,18:25:34,2,False
05B835LA29,2016-05-07,18:25:34,3,False
05B835LA29,2016-05-18,13:32:41,0,False
05B835LA29,2016-05-18,13:32:41,2,False
05B835LA29,2016-05-18,13:32:41,3,False
05B835LA29,2016-05-18,08:23:56,0,False
05B835LA29,2016-05-18,08:23:56,2,False
05B835LA29,2016-05-18,08:23:56,3,False
05B835LA29,2016-05-22,18:01:31,0,True
05B835LA29,2016-05-22,18:01:31,2,True
05B835LA29,2016-05-22,18:01:31,3,True
05B835LA29,2016-05-18,07:18:13,0,False
05B835LA29,2016-05-18,07:18:13,2,False
05B835LA29,2016-05-18,07:18:13,3,False
05B835LA29,2016-05-11,17:34:52,0,False
05B835LA29,2016-05-11,17:34:52,2,False
05B835LA29,2016-05-11,17:34:52,3,False
05B835LA29,2016-05-09,23:01:05,0,True
05B835LA29,2016-05-09,23:01:05,2,True
05B835LA29,2016-05-09,23:01:05,3,True
05B835LA29,2016-05-28,13:48:30,0,False
05B835LA29,2016-05-28,13:48:30,2,False
05B835LA29,2016-05-28,13:48:30,3,False
05B835LA29,2016-05-28,12:50:15,0,False
05B835LA29,2016-05-28,12:50:15,2,False
05B835LA29,2016-05-28,12:50:15,3,False
05B835LA29,2016-05-28,19:05:42,0,True
05B835LA29,2016-05-28,19:05:42,2,True
05B835LA29,2016-05-28,19:05:42,3,True
05B835LA29,2016-05-28,19:37:05,0,False
05B835LA29,2016-05-28,19:37:05,2,False
05B835LA29,2016-05-28,19:37:05,3,False
05B835LA29,2016-05-10,18:31:56,0,False
05B835LA29,2016-05-10,18:31:56,2,False
05B835LA29,2016-05-10,18:31:56,3,False
05B835LA29,2016-05-10,12:43:17,0,True
05B835LA29,2016-05-10,12:43:17,2,True
05B835LA29,2016-05-10,12:43:17,3,True
05B835LA29,2016-05-10,14:59:06,0,False
05B835LA29,2016-05-10,14:59:06,2,False
05B835LA29,2016-05-10,14:59:06,3,False
05B835LA29,2016-05-10,12:23:54,0,False
05B835LA29,2016-05-10,12:23:54,2,False
05B835LA29,2016-05-10,12:23:54,3,False
05B835LA29,2016-05-27,08:33:18,0,False
05B835LA29,2016-05-27,08:33:18,2,False
05B835LA29,2016-05-27,08:33:18,3,False
05B835LA29,2016-05-10,20:40:48,0,False
05B835LA29,2016-05-10,20:40:48,2,False
05B835LA29,2016-05-10,20:40:48,3,False
05B835LA29,2016-05-16,20:03:21,0,False
05B835LA29,2016-05-16,20:03:21,2,False
05B835LA29,2016-05-16,20:03:21,3,False
05B835LA29,2016-05-18,22:51:36,0,False
05B835LA29,2016-05-18,22:51:36,2,False
05B835LA29,2016-05-18,22:51:36,3,False
05B835LA29,2016-05-17,18:25:33,0,False
05B835LA29,2016-05-17,18:25:33,2,False
05B835LA29,2016-05-17,18:25:33,3,False
05B835LA29,2016-05-20,17:59:07,0,False
05B835LA29,2016-05-20,17:59:07,2,False
05B835LA29,2016-05-20,17:59:07,3,False
05B835LA29,2016-05-01,19:18:00,0,False
05B835LA29,2016-05-01,19:18:00,2,False
05B835LA29,2016-05-01,19:18:00,3,False
05B835LA29,2016-05-28,07:48:32,0,False
05B835LA29,2016-05-28,07:48:32,2,False
05B835LA29,2016-05-28,07:48:32,3,False
05B835LA29,2016-05-05,20:57:30,0,False
05B835LA29,2016-05-05,20:57:30,2,False
05B835LA29,2016-05-05,20:57:30,3,False
05B835LA29,2016-05-26,19:31:05,0,False
05B835LA29,2016-05-26,19:31:05,2,False
05B835LA29,2016-05-26,19:31:05,3,False
05B835LA29,2016-05-26,07:16:22,0,False
05B835LA29,2016-05-26,07:16:22,2,False
05B835LA29,2016-05-26,07:16:22,3,False
05B835LA29,2016-05-22,20:24:57,0,True
05B835LA29,2016-05-22,20:24:57,2,True
05B835LA29,2016-05-22,20:24:57,3,True
05B835LA29,2016-05-28,08:55:45,0,False
05B835LA29,2016-05-28,08:55:45,2,False
05B835LA29,2016-05-28,08:55:45,3,False
05B835LA29,2016-05-25,20:02:58,1,False
016C400K3S,2016-05-28,06:39:41,4,False
016C400K3S,2016-05-28,06:39:41,12,False
016C400K3S,2016-05-28,06:39:41,29,False
016C400K3S,2016-05-28,06:39:41,40,False
016C400K3S,2016-05-28,06:39:41,50,False
016C400K3S,2016-05-06,12:09:28,4,False
016C400K3S,2016-05-06,12:09:28,12,False
016C400K3S,2016-05-06,12:09:28,29,False
016C400K3S,2016-05-06,12:09:28,40,False
016C400K3S,2016-05-06,12:09:28,50,False
016C400K3S,2016-05-05,10:58:25,4,False
016C400K3S,2016-05-05,10:58:25,12,False
016C400K3S,2016-05-05,10:58:25,29,False
016C400K3S,2016-05-05,10:58:25,40,False
016C400K3S,2016-05-05,10:58:25,50,False
016C400K3S,2016-05-26,08:40:57,4,True
016C400K3S,2016-05-26,08:40:57,12,True
016C400K3S,2016-05-26,08:40:57,29,True
016C400K3S,2016-05-26,08:40:57,40,True
016C400K3S,2016-05-26,08:40:57,50,True
016C400K3S,2016-05-13,10:05:01,4,True
016C400K3S,2016-05-13,10:05:01,12,True
016C400K3S,2016-05-13,10:05:01,29,True
016C400K3S,2016-05-13,10:05:01,40,True
016C400K3S,2016-05-13,10:05:01,50,True
016C400K3S,2016-05-30,06:20:12,4,False
016C400K3S,2016-05-30,06:20:12,12,False
016C400K3S,2016-05-30,06:20:12,29,False
016C400K3S,2016-05-30,06:20:12,40,False
016C400K3S,2016-05-30,06:20:12,50,False
016C400K3S,2016-05-06,12:10:48,4,False
016C400K3S,2016-05-06,12:10:48,12,False
016C400K3S,2016-05-06,12:10:48,29,False
016C400K3S,2016-05-06,12:10:48,40,False
016C400K3S,2016-05-06,12:10:48,50,False
016C400K3S,2016-05-27,13:21:14,4,True
016C400K3S,2016-05-27,13:21:14,12,True
016C400K3S,2016-05-27,13:21:14,29,True
016C400K3S,2016-05-27,13:21:14,40,True
016C400K3S,2016-05-27,13:21:14,50,True
016C400K3S,2016-05-05,17:35:00,4,True
016C400K3S,2016-05-05,17:35:00,12,True
016C400K3S,2016-05-05,17:35:00,29,True
016C400K3S,2016-05-05,17:35:00,40,True
016C400K3S,2016-05-05,17:35:00,50,True
016C400K3S,2016-05-12,09:39:41,4,False
016C400K3S,2016-05-12,09:39:41,12,False
016C400K3S,2016-05-12,09:39:41,29,False
016C400K3S,2016-05-12,09:39:41,40,False
016C400K3S,2016-05-12,09:39:41,50,False
016C400K3S,2016-05-25,10:29:58,4,True
016C400K3S,2016-05-25,10:29:58,12,True
016C400K3S,2016-05-25,10:29:58,29,True
016C400K3S,2016-05-25,10:29:58,40,True
016C400K3S,2016-05-25,10:29:58,50,True
016C400K3S,2016-05-12,09:36:58,4,False
016C400K3S,2016-05-12,09:36:58,12,False
016C400K3S,2016-05-12,09:36:58,29,False
016C400K3S,2016-05-12,09:36:58,40,False
016C400K3S,2016-05-12,09:36:58,50,False
016C400K3S,2016-05-13,11:54:32,4,False
016C400K3S,2016-05-13,11:54:32,12,False
016C400K3S,2016-05-13,11:54:32,29,False
016C400K3S,2016-05-13,11:54:32,40,False
016C400K3S,2016-05-13,11:54:32,50,False
016C400K3S,2016-05-05,18:17:01,4,False
016C400K3S,2016-05-05,18:17:01,12,False
016C400K3S,2016-05-05,18:17:01,29,False
016C400K3S,2016-05-05,18:17:01,40,False
016C400K3S,2016-05-05,18:17:01,50,False
016C400K3S,2016-05-13,12:14:30,4,False
016C400K3S,2016-05-13,12:14:30,12,False
016C400K3S,2016-05-13,12:14:30,29,False
016C400K3S,2016-05-13,12:14:30,40,False
016C400K3S,2016-05-13,12:14:30,50,False
016C400K3S,2016-05-13,10:50:44,4,True
016C400K3S,2016-05-13,10:50:44,12,True
016C400K3S,2016-05-13,10:50:44,29,True
016C400K3S,2016-05-13,10:50:44,40,True
016C400K3S,2016-05-13,10:50:44,50,True
016C400K3S,2016-05-13,07:16:48,4,False
016C400K3S,2016-05-13,07:16:48,12,False
016C400K3S,2016-05-13,07:16:48,29,False
016C400K3S,2016-05-13,07:16:48,40,False
016C400K3S,2016-05-13,07:16:48,50,False
016C400K3S,2016-05-04,08:30:38,4,False
016C400K3S,2016-05-04,08:30:38,12,False
016C400K3S,2016-05-04,08:30:38,29,False
016C400K3S,2016-05-04,08:30:38,40,False
016C400K3S,2016-05-04,08:30:38,50,False
016C400K3S,2016-05-14,22:31:31,4,True
016C400K3S,2016-05-14,22:31:31,12,True
016C400K3S,2016-05-14,22:31:31,29,True
016C400K3S,2016-05-14,22:31:31,40,True
016C400K3S,2016-05-14,22:31:31,50,True
016C400K3S,2016-05-25,20:46:48,4,False
016C400K3S,2016-05-25,20:46:48,12,False
016C400K3S,2016-05-25,20:46:48,29,False
016C400K3S,2016-05-25,20:46:48,40,False
016C400K3S,2016-05-25,20:46:48,50,False
016C400K3S,2016-05-16,08:07:51,4,True
016C400K3S,2016-05-16,08:07:51,12,True
016C400K3S,2016-05-16,08:07:51,29,True
016C400K3S,2016-05-16,08:07:51,40,True
016C400K3S,2016-05-16,08:07:51,50,True
016C400K3S,2016-05-24,07:24:37,4,False
016C400K3S,2016-05-24,07:24:37,12,False
016C400K3S,2016-05-24,07:24:37,29,False
016C400K3S,2016-05-24,07:24:37,40,False
016C400K3S,2016-05-24,07:24:37,50,False
016C400K3S,2016-05-24,11:49:36,4,True
016C400K3S,2016-05-24,11:49:36,12,True
016C400K3S,2016-05-24,11:49:36,29,True
016C400K3S,2016-05-24,11:49:36,40,True
016C400K3S,2016-05-24,11:49:36,50,True
016C400K3S,2016-05-16,04:31:32,4,True
016C400K3S,2016-05-16,04:31:32,12,True
016C400K3S,2016-05-16,04:31:32,29,True
016C400K3S,2016-05-16,04:31:32,40,True
016C400K3S,2016-05-16,04:31:32,50,True
016C400K3S,2016-05-24,10:56:22,4,True
016C400K3S,2016-05-24,10:56:22,12,True
016C400K3S,2016-05-24,10:56:22,29,True
016C400K3S,2016-05-24,10:56:22,40,True
016C400K3S,2016-05-24,10:56:22,50,True
016C400K3S,2016-05-23,09:45:12,4,True
016C400K3S,2016-05-23,09:45:12,12,True
016C400K3S,2016-05-23,09:45:12,29,True
016C400K3S,2016-05-23,09:45:12,40,True
016C400K3S,2016-05-23,09:45:12,50,True
016C400K3S,2016-05-30,20:39:22,4,True
016C400K3S,2016-05-30,20:39:22,12,True
016C400K3S,2016-05-30,20:39:22,29,True
016C400K3S,2016-05-30,20:39:22,40,True
016C400K3S,2016-05-30,20:39:22,50,True
016C400K3S,2016-05-22,07:11:29,4,False
016C400K3S,2016-05-22,07:11:29,12,False
016C400K3S,2016-05-22,07:11:29,29,False
016C400K3S,2016-05-22,07:11:29,40,False
016C400K3S,2016-05-22,07:11:29,50,False
016C400K3S,2016-05-30,05:38:03,4,True
016C400K3S,2016-05-30,05:38:03,12,True
016C400K3S,2016-05-30,05:38:03,29,True
016C400K3S,2016-05-30,05:38:03,40,True
016C400K3S,2016-05-30,05:38:03,50,True
016C400K3S,2016-05-01,21:50:41,4,False
016C400K3S,2016-05-01,21:50:41,12,False
016C400K3S,2016-05-01,21:50:41,29,False
016C400K3S,2016-05-01,21:50:41,40,False
016C400K3S,2016-05-01,21:50:41,50,False
016C400K3S,2016-05-14,07:31:44,4,False
016C400K3S,2016-05-14,07:31:44,12,False
016C400K3S,2016-05-14,07:31:44,29,False
016C400K3S,2016-05-14,07:31:44,40,False
016C400K3S,2016-05-14,07:31:44,50,False
016C400K3S,2016-05-22,18:18:31,4,False
016C400K3S,2016-05-22,18:18:31,12,False
016C400K3S,2016-05-22,18:18:31,29,False
016C400K3S,2016-05-22,18:18:31,40,False
016C400K3S,2016-05-22,18:18:31,50,False
016C400K3S,2016-05-24,13:51:25,4,True
016C400K3S,2016-05-24,13:51:25,12,True
016C400K3S,2016-05-24,13:51:25,29,True
016C400K3S,2016-05-24,13:51:25,40,True
016C400K3S,2016-05-24,13:51:25,50,True
016C400K3S,2016-05-28,16:39:39,5,False
016C400K3S,2016-05-28,16:39:39,7,False
016C400K3S,2016-05-28,16:39:39,54,False
016C400K3S,2016-05-28,17:40:32,5,True
016C400K3S,2016-05-28,17:40:32,7,True
016C400K3S,2016-05-28,17:40:32,54,True
016C400K3S,2016-05-07,12:40:01,5,False
016C400K3S,2016-05-07,12:40:01,7,False
016C400K3S,2016-05-07,12:40:01,54,False
016C400K3S,2016-05-07,08:47:23,5,False
016C400K3S,2016-05-07,08:47:23,7,False
016C400K3S,2016-05-07,08:47:23,54,False
016C400K3S,2016-05-10,13:01:23,5,True
016C400K3S,2016-05-10,13:01:23,7,True
016C400K3S,2016-05-10,13:01:23,54,True
016C400K3S,2016-05-11,16:29:29,5,False
016C400K3S,2016-05-11,16:29:29,7,False
016C400K3S,2016-05-11,16:29:29,54,False
016C400K3S,2016-05-11,17:21:48,5,False
016C400K3S,2016-05-11,17:21:48,7,False
016C400K3S,2016-05-11,17:21:48,54,False
016C400K3S,2016-05-01,17:03:05,5,True
016C400K3S,2016-05-01,17:03:05,7,True
016C400K3S,2016-05-01,17:03:05,54,True
016C400K3S,2016-05-07,11:58:17,5,False
016C400K3S,2016-05-07,11:58:17,7,False
016C400K3S,2016-05-07,11:58:17,54,False
016C400K3S,2016-05-17,18:39:24,5,False
016C400K3S,2016-05-17,18:39:24,7,False
016C400K3S,2016-05-17,18:39:24,54,False
016C400K3S,2016-05-30,14:55:13,5,False
016C400K3S,2016-05-30,14:55:13,7,False
016C400K3S,2016-05-30,14:55:13,54,False
016C400K3S,2016-05-30,10:13:55,5,False
016C400K3S,2016-05-30,10:13:55,7,False
016C400K3S,2016-05-30,10:13:55,54,False
016C400K3S,2016-05-17,18:13:29,5,False
016C400K3S,2016-05-17,18:13:29,7,False
016C400K3S,2016-05-17,18:13:29,54,False
016C400K3S,2016-05-28,09:49:36,5,True
016C400K3S,2016-05-28,09:49:36,7,True
016C400K3S,2016-05-28,09:49:36,54,True
016C400K3S,2016-05-28,09:21:50,5,True
016C400K3S,2016-05-28,09:21:50,7,True
016C400K3S,2016-05-28,09:21:50,54,True
016C400K3S,2016-05-07,14:30:21,5,False
016C400K3S,2016-05-07,14:30:21,7,False
016C400K3S,2016-05-07,14:30:21,54,False
016C400K3S,2016-05-07,14:19:08,5,False
016C400K3S,2016-05-07,14:19:08,7,False
016C400K3S,2016-05-07,14:19:08,54,False
016C400K3S,2016-05-07,10:40:38,5,True
016C400K3S,2016-05-07,10:40:38,7,True
016C400K3S,2016-05-07,10:40:38,54,True
016C400K3S,2016-05-26,11:35:21,5,True
016C400K3S,2016-05-26,11:35:21,7,True
016C400K3S,2016-05-26,11:35:21,54,True
016C400K3S,2016-05-26,14:22:38,5,True
016C400K3S,2016-05-26,14:22:38,7,True
016C400K3S,2016-05-26,14:22:38,54,True
016C400K3S,2016-05-26,15:40:49,5,False
016C400K3S,2016-05-26,15:40:49,7,False
016C400K3S,2016-05-26,15:40:49,54,False
016C400K3S,2016-05-17,09:02:41,5,False
016C400K3S,2016-05-17,09:02:41,7,False
016C400K3S,2016-05-17,09:02:41,54,False
016C400K3S,2016-05-21,10:47:58,5,True
016C400K3S,2016-05-21,10:47:58,7,True
016C400K3S,2016-05-21,10:47:58,54,True
016C400K3S,2016-05-21,08:40:30,5,False
016C400K3S,2016-05-21,08:40:30,7,False
016C400K3S,2016-05-21,08:40:30,54,False
016C400K3S,2016-05-24,14:24:55,5,True
016C400K3S,2016-05-24,14:24:55,7,True
016C400K3S,2016-05-24,14:24:55,54,True
016C400K3S,2016-05-24,14:50:25,5,True
016C400K3S,2016-05-24,14:50:25,7,True
016C400K3S,2016-05-24,14:50:25,54,True
016C400K3S,2016-05-28,18:11:24,6,True
016C400K3S,2016-05-06,05:20:48,6,True
016C400K3S,2016-05-27,13:55:52,6,False
016C400K3S,2016-05-20,08:59:17,6,False
016C400K3S,2016-05-09,19:01:35,6,False
016C400K3S,2016-05-05,09:05:39,6,False
016C400K3S,2016-05-01,21:28:05,6,True
016C400K3S,2016-05-13,13:33:43,6,False
016C400K3S,2016-05-25,12:53:23,6,True
016C400K3S,2016-05-25,13:48:20,6,True
016C400K3S,2016-05-16,16:55:14,6,True
016C400K3S,2016-05-24,07:23:58,6,False
016C400K3S,2016-05-16,08:01:09,6,True
016C400K3S,2016-05-23,08:11:16,6,False
016C400K3S,2016-05-19,18:10:16,6,False
016C400K3S,2016-05-19,18:28:55,6,False
016C400K3S,2016-05-17,06:52:08,6,True
016C400K3S,2016-05-30,06:57:53,6,True
016C400K3S,2016-05-22,08:11:22,6,False
016C400K3S,2016-05-18,20:43:52,6,True
016C400K3S,2016-05-18,07:31:53,6,True
016C400K3S,2016-05-28,08:11:03,8,False
016C400K3S,2016-05-28,08:11:03,15,False
016C400K3S,2016-05-28,08:11:03,20,False
016C400K3S,2016-05-28,08:11:03,30,False
016C400K3S,2016-05-28,08:11:03,53,False
016C400K3S,2016-05-24,17:29:15,8,False
016C400K3S,2016-05-24,17:29:15,15,False
016C400K3S,2016-05-24,17:29:15,20,False
016C400K3S,2016-05-24,17:29:15,30,False
016C400K3S,2016-05-24,17:29:15,53,False
016C400K3S,2016-05-08,17:41:22,8,True
016C400K3S,2016-05-08,17:41:22,15,True
016C400K3S,2016-05-08,17:41:22,20,True
016C400K3S,2016-05-08,17:41:22,30,True
016C400K3S,2016-05-08,17:41:22,53,True
016C400K3S,2016-05-10,19:58:41,8,True
016C400K3S,2016-05-10,19:58:41,15,True
016C400K3S,2016-05-10,19:58:41,20,True
016C400K3S,2016-05-10,19:58:41,30,True
016C400K3S,2016-05-10,19:58:41,53,True
016C400K3S,2016-05-13,15:06:55,8,True
016C400K3S,2016-05-13,15:06:55,15,True
016C400K3S,2016-05-13,15:06:55,20,True
016C400K3S,2016-05-13,15:06:55,30,True
016C400K3S,2016-05-13,15:06:55,53,True
016C400K3S,2016-05-03,17:09:32,8,True
016C400K3S,2016-05-03,17:09:32,15,True
016C400K3S,2016-05-03,17:09:32,20,True
016C400K3S,2016-05-03,17:09:32,30,True
016C400K3S,2016-05-03,17:09:32,53,True
016C400K3S,2016-05-03,16:49:44,8,True
016C400K3S,2016-05-03,16:49:44,15,True
016C400K3S,2016-05-03,16:49:44,20,True
016C400K3S,2016-05-03,16:49:44,30,True
016C400K3S,2016-05-03,16:49:44,53,True
016C400K3S,2016-05-09,10:57:20,8,False
016C400K3S,2016-05-09,10:57:20,15,False
016C400K3S,2016-05-09,10:57:20,20,False
016C400K3S,2016-05-09,10:57:20,30,False
016C400K3S,2016-05-09,10:57:20,53,False
016C400K3S,2016-05-24,10:02:55,8,True
016C400K3S,2016-05-24,10:02:55,15,True
016C400K3S,2016-05-24,10:02:55,20,True
016C400K3S,2016-05-24,10:02:55,30,True
016C400K3S,2016-05-24,10:02:55,53,True
016C400K3S,2016-05-29,17:02:25,8,False
016C400K3S,2016-05-29,17:02:25,15,False
016C400K3S,2016-05-29,17:02:25,20,False
016C400K3S,2016-05-29,17:02:25,30,False
016C400K3S,2016-05-29,17:02:25,53,False
016C400K3S,2016-05-29,17:17:14,8,True
016C400K3S,2016-05-29,17:17:14,15,True
016C400K3S,2016-05-29,17:17:14,20,True
016C400K3S,2016-05-29,17:17:14,30,True
016C400K3S,2016-05-29,17:17:14,53,True
016C400K3S,2016-05-29,16:35:37,8,True
016C400K3S,2016-05-29,16:35:37,15,True
016C400K3S,2016-05-29,16:35:37,20,True
016C400K3S,2016-05-29,16:35:37,30,True
016C400K3S,2016-05-29,16:35:37,53,True
016C400K3S,2016-05-29,18:19:52,8,True
016C400K3S,2016-05-29,18:19:52,15,True
016C400K3S,2016-05-29,18:19:52,20,True
016C400K3S,2016-05-29,18:19:52,30,True
016C400K3S,2016-05-29,18:19:52,53,True
016C400K3S,2016-05-19,08:03:16,8,False
016C400K3S,2016-05-19,08:03:16,15,False
016C400K3S,2016-05-19,08:03:16,20,False
016C400K3S,2016-05-19,08:03:16,30,False
016C400K3S,2016-05-19,08:03:16,53,False
016C400K3S,2016-05-30,18:35:06,8,False
016C400K3S,2016-05-30,18:35:06,15,False
016C400K3S,2016-05-30,18:35:06,20,False
016C400K3S,2016-05-30,18:35:06,30,False
016C400K3S,2016-05-30,18:35:06,53,False
016C400K3S,2016-05-24,13:26:07,8,True
016C400K3S,2016-05-24,13:26:07,15,True
016C400K3S,2016-05-24,13:26:07,20,True
016C400K3S,2016-05-24,13:26:07,30,True
016C400K3S,2016-05-24,13:26:07,53,True
016C400K3S,2016-05-07,17:22:23,9,False
016C400K3S,2016-05-07,17:22:23,10,False
016C400K3S,2016-05-07,17:22:23,11,False
016C400K3S,2016-05-07,17:22:23,28,False
016C400K3S,2016-05-07,17:22:23,48,False
016C400K3S,2016-05-07,17:15:02,9,False
016C400K3S,2016-05-07,17:15:02,10,False
016C400K3S,2016-05-07,17:15:02,11,False
016C400K3S,2016-05-07,17:15:02,28,False
016C400K3S,2016-05-07,17:15:02,48,False
016C400K3S,2016-05-12,17:00:12,9,True
016C400K3S,2016-05-12,17:00:12,10,True
016C400K3S,2016-05-12,17:00:12,11,True
016C400K3S,2016-05-12,17:00:12,28,True
016C400K3S,2016-05-12,17:00:12,48,True
016C400K3S,2016-05-07,08:31:25,9,True
016C400K3S,2016-05-07,08:31:25,10,True
016C400K3S,2016-05-07,08:31:25,11,True
016C400K3S,2016-05-07,08:31:25,28,True
016C400K3S,2016-05-07,08:31:25,48,True
016C400K3S,2016-05-07,07:41:07,9,False
016C400K3S,2016-05-07,07:41:07,10,False
016C400K3S,2016-05-07,07:41:07,11,False
016C400K3S,2016-05-07,07:41:07,28,False
016C400K3S,2016-05-07,07:41:07,48,False
016C400K3S,2016-05-26,15:34:46,9,False
016C400K3S,2016-05-26,15:34:46,10,False
016C400K3S,2016-05-26,15:34:46,11,False
016C400K3S,2016-05-26,15:34:46,28,False
016C400K3S,2016-05-26,15:34:46,48,False
016C400K3S,2016-05-15,09:54:07,9,False
016C400K3S,2016-05-15,09:54:07,10,False
016C400K3S,2016-05-15,09:54:07,11,False
016C400K3S,2016-05-15,09:54:07,28,False
016C400K3S,2016-05-15,09:54:07,48,False
016C400K3S,2016-05-08,19:21:07,13,False
016C400K3S,2016-05-08,19:21:07,18,False
016C400K3S,2016-05-08,19:21:07,27,False
016C400K3S,2016-05-08,19:21:07,37,False
016C400K3S,2016-05-08,19:21:07,45,False
016C400K3S,2016-05-08,19:21:07,47,False
016C400K3S,2016-05-08,19:21:07,51,False
016C400K3S,2016-05-08,19:21:07,52,False
016C400K3S,2016-05-08,19:21:07,59,False
016C400K3S,2016-05-08,17:03:17,13,True
016C400K3S,2016-05-08,17:03:17,18,True
016C400K3S,2016-05-08,17:03:17,27,True
016C400K3S,2016-05-08,17:03:17,37,True
016C400K3S,2016-05-08,17:03:17,45,True
016C400K3S,2016-05-08,17:03:17,47,True
016C400K3S,2016-05-08,17:03:17,51,True
016C400K3S,2016-05-08,17:03:17,52,True
016C400K3S,2016-05-08,17:03:17,59,True
016C400K3S,2016-05-01,17:02:23,13,False
016C400K3S,2016-05-01,17:02:23,18,False
016C400K3S,2016-05-01,17:02:23,27,False
016C400K3S,2016-05-01,17:02:23,37,False
016C400K3S,2016-05-01,17:02:23,45,False
016C400K3S,2016-05-01,17:02:23,47,False
016C400K3S,2016-05-01,17:02:23,51,False
016C400K3S,2016-05-01,17:02:23,52,False
016C400K3S,2016-05-01,17:02:23,59,False
016C400K3S,2016-05-16,17:34:41,13,False
016C400K3S,2016-05-16,17:34:41,18,False
016C400K3S,2016-05-16,17:34:41,27,False
016C400K3S,2016-05-16,17:34:41,37,False
016C400K3S,2016-05-16,17:34:41,45,False
016C400K3S,2016-05-16,17:34:41,47,False
016C400K3S,2016-05-16,17:34:41,51,False
016C400K3S,2016-05-16,17:34:41,52,False
016C400K3S,2016-05-16,17:34:41,59,False
016C400K3S,2016-05-16,10:41:50,13,False
016C400K3S,2016-05-16,10:41:50,18,False
016C400K3S,2016-05-16,10:41:50,27,False
016C400K3S,2016-05-16,10:41:50,37,False
016C400K3S,2016-05-16,10:41:50,45,False
016C400K3S,2016-05-16,10:41:50,47,False
016C400K3S,2016-05-16,10:41:50,51,False
016C400K3S,2016-05-16,10:41:50,52,False
016C400K3S,2016-05-16,10:41:50,59,False
016C400K3S,2016-05-23,11:56:13,13,False
016C400K3S,2016-05-23,11:56:13,18,False
016C400K3S,2016-05-23,11:56:13,27,False
016C400K3S,2016-05-23,11:56:13,37,False
016C400K3S,2016-05-23,11:56:13,45,False
016C400K3S,2016-05-23,11:56:13,47,False
016C400K3S,2016-05-23,11:56:13,51,False
016C400K3S,2016-05-23,11:56:13,52,False
016C400K3S,2016-05-23,11:56:13,59,False
016C400K3S,2016-05-22,17:13:27,13,False
016C400K3S,2016-05-22,17:13:27,18,False
016C400K3S,2016-05-22,17:13:27,27,False
016C400K3S,2016-05-22,17:13:27,37,False
016C400K3S,2016-05-22,17:13:27,45,False
016C400K3S,2016-05-22,17:13:27,47,False
016C400K3S,2016-05-22,17:13:27,51,False
016C400K3S,2016-05-22,17:13:27,52,False
016C400K3S,2016-05-22,17:13:27,59,False
016C400K3S,2016-05-22,09:08:37,13,False
016C400K3S,2016-05-22,09:08:37,18,False
016C400K3S,2016-05-22,09:08:37,27,False
016C400K3S,2016-05-22,09:08:37,37,False
016C400K3S,2016-05-22,09:08:37,45,False
016C400K3S,2016-05-22,09:08:37,47,False
016C400K3S,2016-05-22,09:08:37,51,False
016C400K3S,2016-05-22,09:08:37,52,False
016C400K3S,2016-05-22,09:08:37,59,False
016C400K3S,2016-05-22,15:52:46,13,True
016C400K3S,2016-05-22,15:52:46,18,True
016C400K3S,2016-05-22,15:52:46,27,True
016C400K3S,2016-05-22,15:52:46,37,True
016C400K3S,2016-05-22,15:52:46,45,True
016C400K3S,2016-05-22,15:52:46,47,True
016C400K3S,2016-05-22,15:52:46,51,True
016C400K3S,2016-05-22,15:52:46,52,True
016C400K3S,2016-05-22,15:52:46,59,True
016C400K3S,2016-05-22,17:31:37,13,True
016C400K3S,2016-05-22,17:31:37,18,True
016C400K3S,2016-05-22,17:31:37,27,True
016C400K3S,2016-05-22,17:31:37,37,True
016C400K3S,2016-05-22,17:31:37,45,True
016C400K3S,2016-05-22,17:31:37,47,True
016C400K3S,2016-05-22,17:31:37,51,True
016C400K3S,2016-05-22,17:31:37,52,True
016C400K3S,2016-05-22,17:31:37,59,True
016C400K3S,2016-05-18,09:52:24,13,False
016C400K3S,2016-05-18,09:52:24,18,False
016C400K3S,2016-05-18,09:52:24,27,False
016C400K3S,2016-05-18,09:52:24,37,False
016C400K3S,2016-05-18,09:52:24,45,False
016C400K3S,2016-05-18,09:52:24,47,False
016C400K3S,2016-05-18,09:52:24,51,False
016C400K3S,2016-05-18,09:52:24,52,False
016C400K3S,2016-05-18,09:52:24,59,False
016C400K3S,2016-05-06,21:16:49,13,True
016C400K3S,2016-05-06,21:16:49,18,True
016C400K3S,2016-05-06,21:16:49,27,True
016C400K3S,2016-05-06,21:16:49,37,True
016C400K3S,2016-05-06,21:16:49,45,True
016C400K3S,2016-05-06,21:16:49,47,True
016C400K3S,2016-05-06,21:16:49,51,True
016C400K3S,2016-05-06,21:16:49,52,True
016C400K3S,2016-05-06,21:16:49,59,True
016C400K3S,2016-05-11,19:52:02,13,False
016C400K3S,2016-05-11,19:52:02,18,False
016C400K3S,2016-05-11,19:52:02,27,False
016C400K3S,2016-05-11,19:52:02,37,False
016C400K3S,2016-05-11,19:52:02,45,False
016C400K3S,2016-05-11,19:52:02,47,False
016C400K3S,2016-05-11,19:52:02,51,False
016C400K3S,2016-05-11,19:52:02,52,False
016C400K3S,2016-05-11,19:52:02,59,False
016C400K3S,2016-05-24,16:27:03,13,False
016C400K3S,2016-05-24,16:27:03,18,False
016C400K3S,2016-05-24,16:27:03,27,False
016C400K3S,2016-05-24,16:27:03,37,False
016C400K3S,2016-05-24,16:27:03,45,False
016C400K3S,2016-05-24,16:27:03,47,False
016C400K3S,2016-05-24,16:27:03,51,False
016C400K3S,2016-05-24,16:27:03,52,False
016C400K3S,2016-05-24,16:27:03,59,False
016C400K3S,2016-05-04,15:26:47,13,False
016C400K3S,2016-05-04,15:26:47,18,False
016C400K3S,2016-05-04,15:26:47,27,False
016C400K3S,2016-05-04,15:26:47,37,False
016C400K3S,2016-05-04,15:26:47,45,False
016C400K3S,2016-05-04,15:26:47,47,False
016C400K3S,2016-05-04,15:26:47,51,False
016C400K3S,2016-05-04,15:26:47,52,False
016C400K3S,2016-05-04,15:26:47,59,False
016C400K3S,2016-05-04,17:45:21,13,False
016C400K3S,2016-05-04,17:45:21,18,False
016C400K3S,2016-05-04,17:45:21,27,False
016C400K3S,2016-05-04,17:45:21,37,False
016C400K3S,2016-05-04,17:45:21,45,False
016C400K3S,2016-05-04,17:45:21,47,False
016C400K3S,2016-05-04,17:45:21,51,False
016C400K3S,2016-05-04,17:45:21,52,False
016C400K3S,2016-05-04,17:45:21,59,False
016C400K3S,2016-05-16,14:28:30,13,False
016C400K3S,2016-05-16,14:28:30,18,False
016C400K3S,2016-05-16,14:28:30,27,False
016C400K3S,2016-05-16,14:28:30,37,False
016C400K3S,2016-05-16,14:28:30,45,False
016C400K3S,2016-05-16,14:28:30,47,False
016C400K3S,2016-05-16,14:28:30,51,False
016C400K3S,2016-05-16,14:28:30,52,False
016C400K3S,2016-05-16,14:28:30,59,False
016C400K3S,2016-05-19,08:30:57,13,False
016C400K3S,2016-05-19,08:30:57,18,False
016C400K3S,2016-05-19,08:30:57,27,False
016C400K3S,2016-05-19,08:30:57,37,False
016C400K3S,2016-05-19,08:30:57,45,False
016C400K3S,2016-05-19,08:30:57,47,False
016C400K3S,2016-05-19,08:30:57,51,False
016C400K3S,2016-05-19,08:30:57,52,False
016C400K3S,2016-05-19,08:30:57,59,False
016C400K3S,2016-05-19,12:39:58,13,True
016C400K3S,2016-05-19,12:39:58,18,True
016C400K3S,2016-05-19,12:39:58,27,True
016C400K3S,2016-05-19,12:39:58,37,True
016C400K3S,2016-05-19,12:39:58,45,True
016C400K3S,2016-05-19,12:39:58,47,True
016C400K3S,2016-05-19,12:39:58,51,True
016C400K3S,2016-05-19,12:39:58,52,True
016C400K3S,2016-05-19,12:39:58,59,True
016C400K3S,2016-05-15,09:22:09,13,True
016C400K3S,2016-05-15,09:22:09,18,True
016C400K3S,2016-05-15,09:22:09,27,True
016C400K3S,2016-05-15,09:22:09,37,True
016C400K3S,2016-05-15,09:22:09,45,True
016C400K3S,2016-05-15,09:22:09,47,True
016C400K3S,2016-05-15,09:22:09,51,True
016C400K3S,2016-05-15,09:22:09,52,True
016C400K3S,2016-05-15,09:22:09,59,True
016C400K3S,2016-05-22,17:17:39,13,False
016C400K3S,2016-05-22,17:17:39,18,False
016C400K3S,2016-05-22,17:17:39,27,False
016C400K3S,2016-05-22,17:17:39,37,False
016C400K3S,2016-05-22,17:17:39,45,False
016C400K3S,2016-05-22,17:17:39,47,False
016C400K3S,2016-05-22,17:17:39,51,False
016C400K3S,2016-05-22,17:17:39,52,False
016C400K3S,2016-05-22,17:17:39,59,False
016C400K3S,2016-05-24,16:41:35,13,False
016C400K3S,2016-05-24,16:41:35,18,False
016C400K3S,2016-05-24,16:41:35,27,False
016C400K3S,2016-05-24,16:41:35,37,False
016C400K3S,2016-05-24,16:41:35,45,False
016C400K3S,2016-05-24,16:41:35,47,False
016C400K3S,2016-05-24,16:41:35,51,False
016C400K3S,2016-05-24,16:41:35,52,False
016C400K3S,2016-05-24,16:41:35,59,False
016C400K3S,2016-05-24,17:52:00,13,False
016C400K3S,2016-05-24,17:52:00,18,False
016C400K3S,2016-05-24,17:52:00,27,False
016C400K3S,2016-05-24,17:52:00,37,False
016C400K3S,2016-05-24,17:52:00,45,False
016C400K3S,2016-05-24,17:52:00,47,False
016C400K3S,2016-05-24,17:52:00,51,False
016C400K3S,2016-05-24,17:52:00,52,False
016C400K3S,2016-05-24,17:52:00,59,False
016C400K3S,2016-05-23,13:57:28,13,False
016C400K3S,2016-05-23,13:57:28,18,False
016C400K3S,2016-05-23,13:57:28,27,False
016C400K3S,2016-05-23,13:57:28,37,False
016C400K3S,2016-05-23,13:57:28,45,False
016C400K3S,2016-05-23,13:57:28,47,False
016C400K3S,2016-05-23,13:57:28,51,False
016C400K3S,2016-05-23,13:57:28,52,False
016C400K3S,2016-05-23,13:57:28,59,False
016C400K3S,2016-05-08,17:20:14,14,True
016C400K3S,2016-05-25,15:56:33,14,False
016C400K3S,2016-05-25,17:11:50,14,False
016C400K3S,2016-05-25,15:13:48,14,False
016C400K3S,2016-05-08,10:14:44,16,False
016C400K3S,2016-05-08,10:14:44,25,False
016C400K3S,2016-05-08,10:14:44,62,False
016C400K3S,2016-05-29,14:15:09,16,False
016C400K3S,2016-05-29,14:15:09,25,False
016C400K3S,2016-05-29,14:15:09,62,False
016C400K3S,2016-05-14,08:49:20,16,True
016C400K3S,2016-05-14,08:49:20,25,True
016C400K3S,2016-05-14,08:49:20,62,True
016C400K3S,2016-05-29,13:05:05,16,False
016C400K3S,2016-05-29,13:05:05,25,False
016C400K3S,2016-05-29,13:05:05,62,False
016C400K3S,2016-05-15,14:48:08,16,True
016C400K3S,2016-05-15,14:48:08,25,True
016C400K3S,2016-05-15,14:48:08,62,True
016C400K3S,2016-05-18,10:18:00,16,True
016C400K3S,2016-05-18,10:18:00,25,True
016C400K3S,2016-05-18,10:18:00,62,True
016C400K3S,2016-05-05,13:13:52,16,True
016C400K3S,2016-05-05,13:13:52,25,True
016C400K3S,2016-05-05,13:13:52,62,True
016C400K3S,2016-05-01,11:36:23,16,True
016C400K3S,2016-05-01,11:36:23,25,True
016C400K3S,2016-05-01,11:36:23,62,True
016C400K3S,2016-05-14,12:53:27,16,True
016C400K3S,2016-05-14,12:53:27,25,True
016C400K3S,2016-05-14,12:53:27,62,True
016C400K3S,2016-05-14,13:01:56,16,True
016C400K3S,2016-05-14,13:01:56,25,True
016C400K3S,2016-05-14,13:01:56,62,True
016C400K3S,2016-05-21,11:35:55,16,False
016C400K3S,2016-05-21,11:35:55,25,False
016C400K3S,2016-05-21,11:35:55,62,False
016C400K3S,2016-05-15,16:27:12,16,False
016C400K3S,2016-05-15,16:27:12,25,False
016C400K3S,2016-05-15,16:27:12,62,False
016C400K3S,2016-05-17,07:29:42,16,True
016C400K3S,2016-05-17,07:29:42,25,True
016C400K3S,2016-05-17,07:29:42,62,True
016C400K3S,2016-05-17,13:25:44,16,True
016C400K3S,2016-05-17,13:25:44,25,True
016C400K3S,2016-05-17,13:25:44,62,True
016C400K3S,2016-05-17,19:37:49,16,False
016C400K3S,2016-05-17,19:37:49,25,False
016C400K3S,2016-05-17,19:37:49,62,False
016C400K3S,2016-05-06,13:32:19,17,False
016C400K3S,2016-05-06,13:32:19,35,False
016C400K3S,2016-05-06,13:32:19,41,False
016C400K3S,2016-05-06,13:32:19,42,False
016C400K3S,2016-05-25,13:18:13,17,False
016C400K3S,2016-05-25,13:18:13,35,False
016C400K3S,2016-05-25,13:18:13,41,False
016C400K3S,2016-05-25,13:18:13,42,False
016C400K3S,2016-05-03,18:27:46,17,True
016C400K3S,2016-05-03,18:27:46,35,True
016C400K3S,2016-05-03,18:27:46,41,True
016C400K3S,2016-05-03,18:27:46,42,True
016C400K3S,2016-05-25,18:24:21,17,True
016C400K3S,2016-05-25,18:24:21,35,True
016C400K3S,2016-05-25,18:24:21,41,True
016C400K3S,2016-05-25,18:24:21,42,True
016C400K3S,2016-05-25,18:12:38,17,False
016C400K3S,2016-05-25,18:12:38,35,False
016C400K3S,2016-05-25,18:12:38,41,False
016C400K3S,2016-05-25,18:12:38,42,False
016C400K3S,2016-05-25,18:17:00,17,False
016C400K3S,2016-05-25,18:17:00,35,False
016C400K3S,2016-05-25,18:17:00,41,False
016C400K3S,2016-05-25,18:17:00,42,False
016C400K3S,2016-05-03,18:05:59,17,False
016C400K3S,2016-05-03,18:05:59,35,False
016C400K3S,2016-05-03,18:05:59,41,False
016C400K3S,2016-05-03,18:05:59,42,False
016C400K3S,2016-05-09,18:12:43,19,False
016C400K3S,2016-05-09,17:30:29,19,False
016C400K3S,2016-05-10,20:12:18,21,False
016C400K3S,2016-05-24,19:01:35,21,False
016C400K3S,2016-05-10,16:35:33,22,True
016C400K3S,2016-05-10,10:25:37,23,True
016C400K3S,2016-05-08,17:12:59,24,True
016C400K3S,2016-05-08,17:12:59,33,True
016C400K3S,2016-05-08,17:12:59,44,True
016C400K3S,2016-05-08,17:12:59,61,True
016C400K3S,2016-05-25,11:01:24,24,False
016C400K3S,2016-05-25,11:01:24,33,False
016C400K3S,2016-05-25,11:01:24,44,False
016C400K3S,2016-05-25,11:01:24,61,False
016C400K3S,2016-05-16,10:45:51,24,False
016C400K3S,2016-05-16,10:45:51,33,False
016C400K3S,2016-05-16,10:45:51,44,False
016C400K3S,2016-05-16,10:45:51,61,False
016C400K3S,2016-05-22,14:58:14,24,False
016C400K3S,2016-05-22,14:58:14,33,False
016C400K3S,2016-05-22,14:58:14,44,False
016C400K3S,2016-05-22,14:58:14,61,False
016C400K3S,2016-05-05,15:21:16,26,False
016C400K3S,2016-05-05,15:21:16,46,False
016C400K3S,2016-05-05,15:21:16,49,False
016C400K3S,2016-05-22,16:16:17,26,True
016C400K3S,2016-05-22,16:16:17,46,True
016C400K3S,2016-05-22,16:16:17,49,True
016C400K3S,2016-05-23,17:07:15,26,False
016C400K3S,2016-05-23,17:07:15,46,False
016C400K3S,2016-05-23,17:07:15,49,False
016C400K3S,2016-05-22,14:30:16,26,False
016C400K3S,2016-05-22,14:30:16,46,False
016C400K3S,2016-05-22,14:30:16,49,False
016C400K3S,2016-05-22,16:26:12,26,True
016C400K3S,2016-05-22,16:26:12,46,True
016C400K3S,2016-05-22,16:26:12,49,True
016C400K3S,2016-05-16,18:27:17,26,True
016C400K3S,2016-05-16,18:27:17,46,True
016C400K3S,2016-05-16,18:27:17,49,True
016C400K3S,2016-05-02,11:19:07,26,False
016C400K3S,2016-05-02,11:19:07,46,False
016C400K3S,2016-05-02,11:19:07,49,False
016C400K3S,2016-05-01,15:17:22,31,False
016C400K3S,2016-05-25,09:38:46,32,True
016C400K3S,2016-05-01,15:59:53,34,False
016C400K3S,2016-05-18,15:40:12,34,False
016C400K3S,2016-05-25,14:49:21,36,False
016C400K3S,2016-05-14,17:59:15,38,True
016C400K3S,2016-05-14,16:28:01,38,True
016C400K3S,2016-05-21,13:21:16,38,True
016C400K3S,2016-05-16,12:39:56,38,False
016C400K3S,2016-05-17,15:13:20,38,False
016C400K3S,2016-05-22,11:10:11,38,True
016C400K3S,2016-05-18,09:33:50,38,True
016C400K3S,2016-05-14,14:46:18,39,True
016C400K3S,2016-05-14,11:30:53,39,False
016C400K3S,2016-05-17,15:11:00,39,True
016C400K3S,2016-05-25,19:21:59,43,False
016C400K3S,2016-05-21,13:03:28,55,True
016C400K3S,2016-05-21,13:03:28,60,True
016C400K3S,2016-05-17,19:15:13,55,False
016C400K3S,2016-05-17,19:15:13,60,False
016C400K3S,2016-05-22,10:42:38,55,True
016C400K3S,2016-05-22,10:42:38,60,True
016C400K3S,2016-05-21,19:09:58,56,True
016C400K3S,2016-05-23,13:29:59,57,False
016C400K3S,2016-05-17,07:53:14,58,True
022D513G64,2016-05-17,17:10:04,63,True
022D513G64,2016-05-17,17:10:04,66,True
022D513G64,2016-05-17,17:10:04,68,True
022D513G64,2016-05-17,17:10:04,70,True
022D513G64,2016-05-17,17:10:04,71,True
022D513G64,2016-05-17,15:32:43,63,True
022D513G64,2016-05-17,15:32:43,66,True
022D513G64,2016-05-17,15:32:43,68,True
022D513G64,2016-05-17,15:32:43,70,True
022D513G64,2016-05-17,15:32:43,71,True
022D513G64,2016-05-17,06:06:50,63,True
022D513G64,2016-05-17,06:06:50,66,True
022D513G64,2016-05-17,06:06:50,68,True
022D513G64,2016-05-17,06:06:50,70,True
022D513G64,2016-05-17,06:06:50,71,True
022D513G64,2016-05-17,12:19:17,63,True
022D513G64,2016-05-17,12:19:17,66,True
022D513G64,2016-05-17,12:19:17,68,True
022D513G64,2016-05-17,12:19:17,70,True
022D513G64,2016-05-17,12:19:17,71,True
022D513G64,2016-05-17,13:28:30,63,False
022D513G64,2016-05-17,13:28:30,66,False
022D513G64,2016-05-17,13:28:30,68,False
022D513G64,2016-05-17,13:28:30,70,False
022D513G64,2016-05-17,13:28:30,71,False
022D513G64,2016-05-17,14:34:47,63,True
022D513G64,2016-05-17,14:34:47,66,True
022D513G64,2016-05-17,14:34:47,68,True
022D513G64,2016-05-17,14:34:47,70,True
022D513G64,2016-05-17,14:34:47,71,True
022D513G64,2016-05-17,08:47:01,63,True
022D513G64,2016-05-17,08:47:01,66,True
022D513G64,2016-05-17,08:47:01,68,True
022D513G64,2016-05-17,08:47:01,70,True
022D513G64,2016-05-17,08:47:01,71,True
022D513G64,2016-05-17,19:42:25,63,False
022D513G64,2016-05-17,19:42:25,66,False
022D513G64,2016-05-17,19:42:25,68,False
022D513G64,2016-05-17,19:42:25,70,False
022D513G64,2016-05-17,19:42:25,71,False
022D513G64,2016-05-17,06:38:33,63,True
022D513G64,2016-05-17,06:38:33,66,True
022D513G64,2016-05-17,06:38:33,68,True
022D513G64,2016-05-17,06:38:33,70,True
022D513G64,2016-05-17,06:38:33,71,True
022D513G64,2016-05-17,05:31:18,63,False
022D513G64,2016-05-17,05:31:18,66,False
022D513G64,2016-05-17,05:31:18,68,False
022D513G64,2016-05-17,05:31:18,70,False
022D513G64,2016-05-17,05:31:18,71,False
022D513G64,2016-05-17,06:22:04,63,False
022D513G64,2016-05-17,06:22:04,66,False
022D513G64,2016-05-17,06:22:04,68,False
022D513G64,2016-05-17,06:22:04,70,False
022D513G64,2016-05-17,06:22:04,71,False
022D513G64,2016-05-19,10:13:54,63,True
022D513G64,2016-05-19,10:13:54,66,True
022D513G64,2016-05-19,10:13:54,68,True
022D513G64,2016-05-19,10:13:54,70,True
022D513G64,2016-05-19,10:13:54,71,True
022D513G64,2016-05-19,11:09:23,63,False
022D513G64,2016-05-19,11:09:23,66,False
022D513G64,2016-05-19,11:09:23,68,False
022D513G64,2016-05-19,11:09:23,70,False
022D513G64,2016-05-19,11:09:23,71,False
022D513G64,2016-05-19,12:40:45,63,False
022D513G64,2016-05-19,12:40:45,66,False
022D513G64,2016-05-19,12:40:45,68,False
022D513G64,2016-05-19,12:40:45,70,False
022D513G64,2016-05-19,12:40:45,71,False
022D513G64,2016-05-17,18:02:15,64,True
022D513G64,2016-05-19,07:59:48,64,True
022D513G64,2016-05-17,15:56:44,65,True
022D513G64,2016-05-17,15:56:44,82,True
022D513G64,2016-05-17,19:31:06,65,True
022D513G64,2016-05-17,19:31:06,82,True
022D513G64,2016-05-18,05:57:27,65,False
022D513G64,2016-05-18,05:57:27,82,False
022D513G64,2016-05-17,18:57:25,65,False
022D513G64,2016-05-17,18:57:25,82,False
022D513G64,2016-05-18,17:20:29,67,False
022D513G64,2016-05-18,14:22:21,67,False
022D513G64,2016-05-19,05:36:17,67,False
022D513G64,2016-05-19,05:55:35,67,True
022D513G64,2016-05-18,08:05:10,67,False
022D513G64,2016-05-18,08:21:53,67,True
022D513G64,2016-05-18,12:33:54,67,True
022D513G64,2016-05-18,11:56:13,67,True
022D513G64,2016-05-18,12:04:31,67,True
022D513G64,2016-05-19,08:31:45,69,False
022D513G64,2016-05-06,21:02:39,72,False
022D513G64,2016-05-06,21:02:39,74,False
022D513G64,2016-05-06,21:02:39,75,False
022D513G64,2016-05-06,21:02:39,85,False
022D513G64,2016-05-05,03:52:25,72,True
022D513G64,2016-05-05,03:52:25,74,True
022D513G64,2016-05-05,03:52:25,75,True
022D513G64,2016-05-05,03:52:25,85,True
022D513G64,2016-05-04,16:58:00,72,False
022D513G64,2016-05-04,16:58:00,74,False
022D513G64,2016-05-04,16:58:00,75,False
022D513G64,2016-05-04,16:58:00,85,False
022D513G64,2016-05-03,12:44:43,72,True
022D513G64,2016-05-03,12:44:43,74,True
022D513G64,2016-05-03,12:44:43,75,True
022D513G64,2016-05-03,12:44:43,85,True
022D513G64,2016-05-04,17:47:27,72,True
022D513G64,2016-05-04,17:47:27,74,True
022D513G64,2016-05-04,17:47:27,75,True
022D513G64,2016-05-04,17:47:27,85,True
022D513G64,2016-05-04,18:49:14,72,True
022D513G64,2016-05-04,18:49:14,74,True
022D513G64,2016-05-04,18:49:14,75,True
022D513G64,2016-05-04,18:49:14,85,True
022D513G64,2016-05-04,21:14:13,72,False
022D513G64,2016-05-04,21:14:13,74,False
022D513G64,2016-05-04,21:14:13,75,False
022D513G64,2016-05-04,21:14:13,85,False
022D513G64,2016-05-03,13:35:53,72,False
022D513G64,2016-05-03,13:35:53,74,False
022D513G64,2016-05-03,13:35:53,75,False
022D513G64,2016-05-03,13:35:53,85,False
022D513G64,2016-05-03,13:50:56,72,False
022D513G64,2016-05-03,13:50:56,74,False
022D513G64,2016-05-03,13:50:56,75,False
022D513G64,2016-05-03,13:50:56,85,False
022D513G64,2016-05-03,15:53:48,72,True
022D513G64,2016-05-03,15:53:48,74,True
022D513G64,2016-05-03,15:53:48,75,True
022D513G64,2016-05-03,15:53:48,85,True
022D513G64,2016-05-14,05:28:08,72,True
022D513G64,2016-05-14,05:28:08,74,True
022D513G64,2016-05-14,05:28:08,75,True
022D513G64,2016-05-14,05:28:08,85,True
022D513G64,2016-05-14,13:49:39,72,False
022D513G64,2016-05-14,13:49:39,74,False
022D513G64,2016-05-14,13:49:39,75,False
022D513G64,2016-05-14,13:49:39,85,False
022D513G64,2016-05-16,07:55:04,72,False
022D513G64,2016-05-16,07:55:04,74,False
022D513G64,2016-05-16,07:55:04,75,False
022D513G64,2016-05-16,07:55:04,85,False
022D513G64,2016-05-14,20:47:44,72,True
022D513G64,2016-05-14,20:47:44,74,True
022D513G64,2016-05-14,20:47:44,75,True
022D513G64,2016-05-14,20:47:44,85,True
022D513G64,2016-05-20,20:27:18,72,False
022D513G64,2016-05-20,20:27:18,74,False
022D513G64,2016-05-20,20:27:18,75,False
022D513G64,2016-05-20,20:27:18,85,False
022D513G64,2016-05-14,21:36:52,72,False
022D513G64,2016-05-14,21:36:52,74,False
022D513G64,2016-05-14,21:36:52,75,False
022D513G64,2016-05-14,21:36:52,85,False
022D513G64,2016-05-14,21:54:39,72,False
022D513G64,2016-05-14,21:54:39,74,False
022D513G64,2016-05-14,21:54:39,75,False
022D513G64,2016-05-14,21:54:39,85,False
022D513G64,2016-05-13,07:55:44,72,True
022D513G64,2016-05-13,07:55:44,74,True
022D513G64,2016-05-13,07:55:44,75,True
022D513G64,2016-05-13,07:55:44,85,True
022D513G64,2016-05-15,07:16:17,72,True
022D513G64,2016-05-15,07:16:17,74,True
022D513G64,2016-05-15,07:16:17,75,True
022D513G64,2016-05-15,07:16:17,85,True
022D513G64,2016-05-15,08:43:25,72,True
022D513G64,2016-05-15,08:43:25,74,True
022D513G64,2016-05-15,08:43:25,75,True
022D513G64,2016-05-15,08:43:25,85,True
022D513G64,2016-05-15,07:36:49,72,False
022D513G64,2016-05-15,07:36:49,74,False
022D513G64,2016-05-15,07:36:49,75,False
022D513G64,2016-05-15,07:36:49,85,False
022D513G64,2016-05-15,10:08:24,72,True
022D513G64,2016-05-15,10:08:24,74,True
022D513G64,2016-05-15,10:08:24,75,True
022D513G64,2016-05-15,10:08:24,85,True
022D513G64,2016-05-15,08:56:03,72,False
022D513G64,2016-05-15,08:56:03,74,False
022D513G64,2016-05-15,08:56:03,75,False
022D513G64,2016-05-15,08:56:03,85,False
022D513G64,2016-05-15,18:53:13,72,False
022D513G64,2016-05-15,18:53:13,74,False
022D513G64,2016-05-15,18:53:13,75,False
022D513G64,2016-05-15,18:53:13,85,False
022D513G64,2016-05-15,07:24:47,72,False
022D513G64,2016-05-15,07:24:47,74,False
022D513G64,2016-05-15,07:24:47,75,False
022D513G64,2016-05-15,07:24:47,85,False
022D513G64,2016-05-02,21:09:17,72,True
022D513G64,2016-05-02,21:09:17,74,True
022D513G64,2016-05-02,21:09:17,75,True
022D513G64,2016-05-02,21:09:17,85,True
022D513G64,2016-05-29,15:56:47,72,False
022D513G64,2016-05-29,15:56:47,74,False
022D513G64,2016-05-29,15:56:47,75,False
022D513G64,2016-05-29,15:56:47,85,False
022D513G64,2016-05-21,10:33:17,72,False
022D513G64,2016-05-21,10:33:17,74,False
022D513G64,2016-05-21,10:33:17,75,False
022D513G64,2016-05-21,10:33:17,85,False
022D513G64,2016-05-30,20:03:28,72,True
022D513G64,2016-05-30,20:03:28,74,True
022D513G64,2016-05-30,20:03:28,75,True
022D513G64,2016-05-30,20:03:28,85,True
022D513G64,2016-05-30,19:32:48,72,True
022D513G64,2016-05-30,19:32:48,74,True
022D513G64,2016-05-30,19:32:48,75,True
022D513G64,2016-05-30,19:32:48,85,True
022D513G64,2016-05-30,21:01:14,72,False
022D513G64,2016-05-30,21:01:14,74,False
022D513G64,2016-05-30,21:01:14,75,False
022D513G64,2016-05-30,21:01:14,85,False
022D513G64,2016-05-30,20:16:07,72,True
022D513G64,2016-05-30,20:16:07,74,True
022D513G64,2016-05-30,20:16:07,75,True
022D513G64,2016-05-30,20:16:07,85,True
022D513G64,2016-05-30,19:51:36,72,False
022D513G64,2016-05-30,19:51:36,74,False
022D513G64,2016-05-30,19:51:36,75,False
022D513G64,2016-05-30,19:51:36,85,False
022D513G64,2016-05-22,20:53:40,72,False
022D513G64,2016-05-22,20:53:40,74,False
022D513G64,2016-05-22,20:53:40,75,False
022D513G64,2016-05-22,20:53:40,85,False
022D513G64,2016-05-29,02:52:52,72,True
022D513G64,2016-05-29,02:52:52,74,True
022D513G64,2016-05-29,02:52:52,75,True
022D513G64,2016-05-29,02:52:52,85,True
022D513G64,2016-05-29,16:26:54,72,True
022D513G64,2016-05-29,16:26:54,74,True
022D513G64,2016-05-29,16:26:54,75,True
022D513G64,2016-05-29,16:26:54,85,True
022D513G64,2016-05-08,14:57:59,72,False
022D513G64,2016-05-08,14:57:59,74,False
022D513G64,2016-05-08,14:57:59,75,False
022D513G64,2016-05-08,14:57:59,85,False
022D513G64,2016-05-23,03:19:36,72,True
022D513G64,2016-05-23,03:19:36,74,True
022D513G64,2016-05-23,03:19:36,75,True
022D513G64,2016-05-23,03:19:36,85,True
022D513G64,2016-05-29,05:38:22,72,False
022D513G64,2016-05-29,05:38:22,74,False
022D513G64,2016-05-29,05:38:22,75,False
022D513G64,2016-05-29,05:38:22,85,False
022D513G64,2016-05-29,05:19:41,72,True
022D513G64,2016-05-29,05:19:41,74,True
022D513G64,2016-05-29,05:19:41,75,True
022D513G64,2016-05-29,05:19:41,85,True
022D513G64,2016-05-24,20:08:19,72,False
022D513G64,2016-05-24,20:08:19,74,False
022D513G64,2016-05-24,20:08:19,75,False
022D513G64,2016-05-24,20:08:19,85,False
022D513G64,2016-05-24,20:12:51,72,False
022D513G64,2016-05-24,20:12:51,74,False
022D513G64,2016-05-24,20:12:51,75,False
022D513G64,2016-05-24,20:12:51,85,False
022D513G64,2016-05-24,09:10:42,72,False
022D513G64,2016-05-24,09:10:42,74,False
022D513G64,2016-05-24,09:10:42,75,False
022D513G64,2016-05-24,09:10:42,85,False
022D513G64,2016-05-25,08:56:28,72,True
022D513G64,2016-05-25,08:56:28,74,True
022D513G64,2016-05-25,08:56:28,75,True
022D513G64,2016-05-25,08:56:28,85,True
022D513G64,2016-05-26,09:06:09,72,True
022D513G64,2016-05-26,09:06:09,74,True
022D513G64,2016-05-26,09:06:09,75,True
022D513G64,2016-05-26,09:06:09,85,True
022D513G64,2016-05-21,17:33:35,72,False
022D513G64,2016-05-21,17:33:35,74,False
022D513G64,2016-05-21,17:33:35,75,False
022D513G64,2016-05-21,17:33:35,85,False
022D513G64,2016-05-30,16:54:12,72,True
022D513G64,2016-05-30,16:54:12,74,True
022D513G64,2016-05-30,16:54:12,75,True
022D513G64,2016-05-30,16:54:12,85,True
022D513G64,2016-05-30,17:21:48,72,False
022D513G64,2016-05-30,17:21:48,74,False
022D513G64,2016-05-30,17:21:48,75,False
022D513G64,2016-05-30,17:21:48,85,False
022D513G64,2016-05-21,19:38:45,72,False
022D513G64,2016-05-21,19:38:45,74,False
022D513G64,2016-05-21,19:38:45,75,False
022D513G64,2016-05-21,19:38:45,85,False
022D513G64,2016-05-25,09:15:38,72,False
022D513G64,2016-05-25,09:15:38,74,False
022D513G64,2016-05-25,09:15:38,75,False
022D513G64,2016-05-25,09:15:38,85,False
022D513G64,2016-05-25,13:43:40,72,True
022D513G64,2016-05-25,13:43:40,74,True
022D513G64,2016-05-25,13:43:40,75,True
022D513G64,2016-05-25,13:43:40,85,True
022D513G64,2016-05-28,05:26:25,72,True
022D513G64,2016-05-28,05:26:25,74,True
022D513G64,2016-05-28,05:26:25,75,True
022D513G64,2016-05-28,05:26:25,85,True
022D513G64,2016-05-29,23:40:52,72,True
022D513G64,2016-05-29,23:40:52,74,True
022D513G64,2016-05-29,23:40:52,75,True
022D513G64,2016-05-29,23:40:52,85,True
022D513G64,2016-05-27,20:45:25,72,True
022D513G64,2016-05-27,20:45:25,74,True
022D513G64,2016-05-27,20:45:25,75,True
022D513G64,2016-05-27,20:45:25,85,True
022D513G64,2016-05-27,20:02:26,72,False
022D513G64,2016-05-27,20:02:26,74,False
022D513G64,2016-05-27,20:02:26,75,False
022D513G64,2016-05-27,20:02:26,85,False
022D513G64,2016-05-27,19:33:29,72,True
022D513G64,2016-05-27,19:33:29,74,True
022D513G64,2016-05-27,19:33:29,75,True
022D513G64,2016-05-27,19:33:29,85,True
022D513G64,2016-05-27,19:57:08,72,True
022D513G64,2016-05-27,19:57:08,74,True
022D513G64,2016-05-27,19:57:08,75,True
022D513G64,2016-05-27,19:57:08,85,True
022D513G64,2016-05-26,08:22:38,72,True
022D513G64,2016-05-26,08:22:38,74,True
022D513G64,2016-05-26,08:22:38,75,True
022D513G64,2016-05-26,08:22:38,85,True
022D513G64,2016-05-26,08:19:26,72,True
022D513G64,2016-05-26,08:19:26,74,True
022D513G64,2016-05-26,08:19:26,75,True
022D513G64,2016-05-26,08:19:26,85,True
022D513G64,2016-05-25,22:43:40,72,True
022D513G64,2016-05-25,22:43:40,74,True
022D513G64,2016-05-25,22:43:40,75,True
022D513G64,2016-05-25,22:43:40,85,True
022D513G64,2016-05-25,22:07:13,72,True
022D513G64,2016-05-25,22:07:13,74,True
022D513G64,2016-05-25,22:07:13,75,True
022D513G64,2016-05-25,22:07:13,85,True
022D513G64,2016-05-25,22:33:25,72,True
022D513G64,2016-05-25,22:33:25,74,True
022D513G64,2016-05-25,22:33:25,75,True
022D513G64,2016-05-25,22:33:25,85,True
022D513G64,2016-05-25,22:14:23,72,False
022D513G64,2016-05-25,22:14:23,74,False
022D513G64,2016-05-25,22:14:23,75,False
022D513G64,2016-05-25,22:14:23,85,False
022D513G64,2016-05-25,18:52:50,72,True
022D513G64,2016-05-25,18:52:50,74,True
022D513G64,2016-05-25,18:52:50,75,True
022D513G64,2016-05-25,18:52:50,85,True
022D513G64,2016-05-02,17:56:16,72,True
022D513G64,2016-05-02,17:56:16,74,True
022D513G64,2016-05-02,17:56:16,75,True
022D513G64,2016-05-02,17:56:16,85,True
022D513G64,2016-05-02,20:27:34,72,False
022D513G64,2016-05-02,20:27:34,74,False
022D513G64,2016-05-02,20:27:34,75,False
022D513G64,2016-05-02,20:27:34,85,False
022D513G64,2016-05-11,07:20:39,72,True
022D513G64,2016-05-11,07:20:39,74,True
022D513G64,2016-05-11,07:20:39,75,True
022D513G64,2016-05-11,07:20:39,85,True
022D513G64,2016-05-11,08:52:34,72,True
022D513G64,2016-05-11,08:52:34,74,True
022D513G64,2016-05-11,08:52:34,75,True
022D513G64,2016-05-11,08:52:34,85,True
022D513G64,2016-05-11,18:13:52,72,True
022D513G64,2016-05-11,18:13:52,74,True
022D513G64,2016-05-11,18:13:52,75,True
022D513G64,2016-05-11,18:13:52,85,True
022D513G64,2016-05-02,19:02:48,72,False
022D513G64,2016-05-02,19:02:48,74,False
022D513G64,2016-05-02,19:02:48,75,False
022D513G64,2016-05-02,19:02:48,85,False
022D513G64,2016-05-01,13:28:47,72,False
022D513G64,2016-05-01,13:28:47,74,False
022D513G64,2016-05-01,13:28:47,75,False
022D513G64,2016-05-01,13:28:47,85,False
022D513G64,2016-05-01,21:13:13,72,False
022D513G64,2016-05-01,21:13:13,74,False
022D513G64,2016-05-01,21:13:13,75,False
022D513G64,2016-05-01,21:13:13,85,False
022D513G64,2016-05-11,19:36:12,72,False
022D513G64,2016-05-11,19:36:12,74,False
022D513G64,2016-05-11,19:36:12,75,False
022D513G64,2016-05-11,19:36:12,85,False
022D513G64,2016-05-02,03:30:59,72,False
022D513G64,2016-05-02,03:30:59,74,False
022D513G64,2016-05-02,03:30:59,75,False
022D513G64,2016-05-02,03:30:59,85,False
022D513G64,2016-05-02,05:16:12,72,True
022D513G64,2016-05-02,05:16:12,74,True
022D513G64,2016-05-02,05:16:12,75,True
022D513G64,2016-05-02,05:16:12,85,True
022D513G64,2016-05-02,04:46:36,72,True
022D513G64,2016-05-02,04:46:36,74,True
022D513G64,2016-05-02,04:46:36,75,True
022D513G64,2016-05-02,04:46:36,85,True
022D513G64,2016-05-02,16:25:22,72,True
022D513G64,2016-05-02,16:25:22,74,True
022D513G64,2016-05-02,16:25:22,75,True
022D513G64,2016-05-02,16:25:22,85,True
022D513G64,2016-05-06,13:57:27,72,True
022D513G64,2016-05-06,13:57:27,74,True
022D513G64,2016-05-06,13:57:27,75,True
022D513G64,2016-05-06,13:57:27,85,True
022D513G64,2016-05-10,01:59:37,72,True
022D513G64,2016-05-10,01:59:37,74,True
022D513G64,2016-05-10,01:59:37,75,True
022D513G64,2016-05-10,01:59:37,85,True
022D513G64,2016-05-10,18:33:59,72,False
022D513G64,2016-05-10,18:33:59,74,False
022D513G64,2016-05-10,18:33:59,75,False
022D513G64,2016-05-10,18:33:59,85,False
022D513G64,2016-05-10,18:39:13,72,False
022D513G64,2016-05-10,18:39:13,74,False
022D513G64,2016-05-10,18:39:13,75,False
022D513G64,2016-05-10,18:39:13,85,False
022D513G64,2016-05-10,19:44:30,72,True
022D513G64,2016-05-10,19:44:30,74,True
022D513G64,2016-05-10,19:44:30,75,True
022D513G64,2016-05-10,19:44:30,85,True
022D513G64,2016-05-11,06:50:22,72,False
022D513G64,2016-05-11,06:50:22,74,False
022D513G64,2016-05-11,06:50:22,75,False
022D513G64,2016-05-11,06:50:22,85,False
022D513G64,2016-05-11,05:31:13,72,True
022D513G64,2016-05-11,05:31:13,74,True
022D513G64,2016-05-11,05:31:13,75,True
022D513G64,2016-05-11,05:31:13,85,True
022D513G64,2016-05-13,22:28:27,72,False
022D513G64,2016-05-13,22:28:27,74,False
022D513G64,2016-05-13,22:28:27,75,False
022D513G64,2016-05-13,22:28:27,85,False
022D513G64,2016-05-12,06:44:53,72,True
022D513G64,2016-05-12,06:44:53,74,True
022D513G64,2016-05-12,06:44:53,75,True
022D513G64,2016-05-12,06:44:53,85,True
022D513G64,2016-05-12,06:08:42,72,False
022D513G64,2016-05-12,06:08:42,74,False
022D513G64,2016-05-12,06:08:42,75,False
022D513G64,2016-05-12,06:08:42,85,False
022D513G64,2016-05-04,13:20:14,72,False
022D513G64,2016-05-04,13:20:14,74,False
022D513G64,2016-05-04,13:20:14,75,False
022D513G64,2016-05-04,13:20:14,85,False
022D513G64,2016-05-04,20:56:00,72,True
022D513G64,2016-05-04,20:56:00,74,True
022D513G64,2016-05-04,20:56:00,75,True
022D513G64,2016-05-04,20:56:00,85,True
022D513G64,2016-05-04,22:04:49,72,True
022D513G64,2016-05-04,22:04:49,74,True
022D513G64,2016-05-04,22:04:49,75,True
022D513G64,2016-05-04,22:04:49,85,True
022D513G64,2016-05-16,05:34:33,72,True
022D513G64,2016-05-16,05:34:33,74,True
022D513G64,2016-05-16,05:34:33,75,True
022D513G64,2016-05-16,05:34:33,85,True
022D513G64,2016-05-16,08:28:36,72,True
022D513G64,2016-05-16,08:28:36,74,True
022D513G64,2016-05-16,08:28:36,75,True
022D513G64,2016-05-16,08:28:36,85,True
022D513G64,2016-05-16,06:49:45,72,False
022D513G64,2016-05-16,06:49:45,74,False
022D513G64,2016-05-16,06:49:45,75,False
022D513G64,2016-05-16,06:49:45,85,False
022D513G64,2016-05-02,20:08:19,72,True
022D513G64,2016-05-02,20:08:19,74,True
022D513G64,2016-05-02,20:08:19,75,True
022D513G64,2016-05-02,20:08:19,85,True
022D513G64,2016-05-16,06:20:57,72,False
022D513G64,2016-05-16,06:20:57,74,False
022D513G64,2016-05-16,06:20:57,75,False
022D513G64,2016-05-16,06:20:57,85,False
022D513G64,2016-05-13,14:16:10,72,False
022D513G64,2016-05-13,14:16:10,74,False
022D513G64,2016-05-13,14:16:10,75,False
022D513G64,2016-05-13,14:16:10,85,False
022D513G64,2016-05-14,20:26:48,72,True
022D513G64,2016-05-14,20:26:48,74,True
022D513G64,2016-05-14,20:26:48,75,True
022D513G64,2016-05-14,20:26:48,85,True
022D513G64,2016-05-14,21:12:50,72,False
022D513G64,2016-05-14,21:12:50,74,False
022D513G64,2016-05-14,21:12:50,75,False
022D513G64,2016-05-14,21:12:50,85,False
022D513G64,2016-05-13,04:48:37,72,True
022D513G64,2016-05-13,04:48:37,74,True
022D513G64,2016-05-13,04:48:37,75,True
022D513G64,2016-05-13,04:48:37,85,True
022D513G64,2016-05-15,09:19:49,72,False
022D513G64,2016-05-15,09:19:49,74,False
022D513G64,2016-05-15,09:19:49,75,False
022D513G64,2016-05-15,09:19:49,85,False
022D513G64,2016-05-15,10:01:06,72,True
022D513G64,2016-05-15,10:01:06,74,True
022D513G64,2016-05-15,10:01:06,75,True
022D513G64,2016-05-15,10:01:06,85,True
022D513G64,2016-05-01,06:10:38,72,False
022D513G64,2016-05-01,06:10:38,74,False
022D513G64,2016-05-01,06:10:38,75,False
022D513G64,2016-05-01,06:10:38,85,False
022D513G64,2016-05-28,05:18:21,72,True
022D513G64,2016-05-28,05:18:21,74,True
022D513G64,2016-05-28,05:18:21,75,True
022D513G64,2016-05-28,05:18:21,85,True
022D513G64,2016-05-07,20:18:50,72,False
022D513G64,2016-05-07,20:18:50,74,False
022D513G64,2016-05-07,20:18:50,75,False
022D513G64,2016-05-07,20:18:50,85,False
022D513G64,2016-05-09,20:07:00,72,False
022D513G64,2016-05-09,20:07:00,74,False
022D513G64,2016-05-09,20:07:00,75,False
022D513G64,2016-05-09,20:07:00,85,False
022D513G64,2016-05-02,18:38:59,72,False
022D513G64,2016-05-02,18:38:59,74,False
022D513G64,2016-05-02,18:38:59,75,False
022D513G64,2016-05-02,18:38:59,85,False
022D513G64,2016-05-02,20:10:13,72,False
022D513G64,2016-05-02,20:10:13,74,False
022D513G64,2016-05-02,20:10:13,75,False
022D513G64,2016-05-02,20:10:13,85,False
022D513G64,2016-05-06,20:32:02,72,False
022D513G64,2016-05-06,20:32:02,74,False
022D513G64,2016-05-06,20:32:02,75,False
022D513G64,2016-05-06,20:32:02,85,False
022D513G64,2016-05-11,09:47:00,72,False
022D513G64,2016-05-11,09:47:00,74,False
022D513G64,2016-05-11,09:47:00,75,False
022D513G64,2016-05-11,09:47:00,85,False
022D513G64,2016-05-01,05:56:35,72,False
022D513G64,2016-05-01,05:56:35,74,False
022D513G64,2016-05-01,05:56:35,75,False
022D513G64,2016-05-01,05:56:35,85,False
022D513G64,2016-05-03,19:28:31,72,False
022D513G64,2016-05-03,19:28:31,74,False
022D513G64,2016-05-03,19:28:31,75,False
022D513G64,2016-05-03,19:28:31,85,False
022D513G64,2016-05-03,20:44:56,72,True
022D513G64,2016-05-03,20:44:56,74,True
022D513G64,2016-05-03,20:44:56,75,True
022D513G64,2016-05-03,20:44:56,85,True
022D513G64,2016-05-02,06:14:16,72,False
022D513G64,2016-05-02,06:14:16,74,False
022D513G64,2016-05-02,06:14:16,75,False
022D513G64,2016-05-02,06:14:16,85,False
022D513G64,2016-05-11,21:40:44,72,True
022D513G64,2016-05-11,21:40:44,74,True
022D513G64,2016-05-11,21:40:44,75,True
022D513G64,2016-05-11,21:40:44,85,True
022D513G64,2016-05-06,13:45:59,72,False
022D513G64,2016-05-06,13:45:59,74,False
022D513G64,2016-05-06,13:45:59,75,False
022D513G64,2016-05-06,13:45:59,85,False
022D513G64,2016-05-06,05:02:13,72,True
022D513G64,2016-05-06,05:02:13,74,True
022D513G64,2016-05-06,05:02:13,75,True
022D513G64,2016-05-06,05:02:13,85,True
022D513G64,2016-05-06,05:07:02,72,False
022D513G64,2016-05-06,05:07:02,74,False
022D513G64,2016-05-06,05:07:02,75,False
022D513G64,2016-05-06,05:07:02,85,False
022D513G64,2016-05-06,05:41:55,72,True
022D513G64,2016-05-06,05:41:55,74,True
022D513G64,2016-05-06,05:41:55,75,True
022D513G64,2016-05-06,05:41:55,85,True
022D513G64,2016-05-12,04:38:45,72,True
022D513G64,2016-05-12,04:38:45,74,True
022D513G64,2016-05-12,04:38:45,75,True
022D513G64,2016-05-12,04:38:45,85,True
022D513G64,2016-05-12,19:56:45,72,True
022D513G64,2016-05-12,19:56:45,74,True
022D513G64,2016-05-12,19:56:45,75,True
022D513G64,2016-05-12,19:56:45,85,True
022D513G64,2016-05-13,00:11:29,72,False
022D513G64,2016-05-13,00:11:29,74,False
022D513G64,2016-05-13,00:11:29,75,False
022D513G64,2016-05-13,00:11:29,85,False
022D513G64,2016-05-11,04:27:34,72,False
022D513G64,2016-05-11,04:27:34,74,False
022D513G64,2016-05-11,04:27:34,75,False
022D513G64,2016-05-11,04:27:34,85,False
022D513G64,2016-05-02,20:04:52,72,False
022D513G64,2016-05-02,20:04:52,74,False
022D513G64,2016-05-02,20:04:52,75,False
022D513G64,2016-05-02,20:04:52,85,False
022D513G64,2016-05-23,20:44:01,72,True
022D513G64,2016-05-23,20:44:01,74,True
022D513G64,2016-05-23,20:44:01,75,True
022D513G64,2016-05-23,20:44:01,85,True
022D513G64,2016-05-11,19:14:22,72,True
022D513G64,2016-05-11,19:14:22,74,True
022D513G64,2016-05-11,19:14:22,75,True
022D513G64,2016-05-11,19:14:22,85,True
022D513G64,2016-05-11,20:03:06,72,True
022D513G64,2016-05-11,20:03:06,74,True
022D513G64,2016-05-11,20:03:06,75,True
022D513G64,2016-05-11,20:03:06,85,True
022D513G64,2016-05-07,06:22:29,72,False
022D513G64,2016-05-07,06:22:29,74,False
022D513G64,2016-05-07,06:22:29,75,False
022D513G64,2016-05-07,06:22:29,85,False
022D513G64,2016-05-11,09:23:01,72,True
022D513G64,2016-05-11,09:23:01,74,True
022D513G64,2016-05-11,09:23:01,75,True
022D513G64,2016-05-11,09:23:01,85,True
022D513G64,2016-05-11,21:08:14,72,False
022D513G64,2016-05-11,21:08:14,74,False
022D513G64,2016-05-11,21:08:14,75,False
022D513G64,2016-05-11,21:08:14,85,False
022D513G64,2016-05-05,16:48:18,73,False
022D513G64,2016-05-05,16:48:18,86,False
022D513G64,2016-05-05,18:20:05,73,True
022D513G64,2016-05-05,18:20:05,86,True
022D513G64,2016-05-05,20:02:08,73,False
022D513G64,2016-05-05,20:02:08,86,False
022D513G64,2016-05-01,11:15:35,73,False
022D513G64,2016-05-01,11:15:35,86,False
022D513G64,2016-05-05,17:59:06,73,False
022D513G64,2016-05-05,17:59:06,86,False
022D513G64,2016-05-20,08:26:25,73,True
022D513G64,2016-05-20,08:26:25,86,True
022D513G64,2016-05-20,08:07:22,73,True
022D513G64,2016-05-20,08:07:22,86,True
022D513G64,2016-05-16,11:34:28,73,False
022D513G64,2016-05-16,11:34:28,86,False
022D513G64,2016-05-14,17:30:23,73,False
022D513G64,2016-05-14,17:30:23,86,False
022D513G64,2016-05-16,12:58:22,73,False
022D513G64,2016-05-16,12:58:22,86,False
022D513G64,2016-05-16,13:39:01,73,True
022D513G64,2016-05-16,13:39:01,86,True
022D513G64,2016-05-16,11:34:43,73,False
022D513G64,2016-05-16,11:34:43,86,False
022D513G64,2016-05-20,08:50:46,73,False
022D513G64,2016-05-20,08:50:46,86,False
022D513G64,2016-05-14,18:47:51,73,False
022D513G64,2016-05-14,18:47:51,86,False
022D513G64,2016-05-20,08:09:29,73,True
022D513G64,2016-05-20,08:09:29,86,True
022D513G64,2016-05-20,07:02:51,73,True
022D513G64,2016-05-20,07:02:51,86,True
022D513G64,2016-05-20,03:26:40,73,True
022D513G64,2016-05-20,03:26:40,86,True
022D513G64,2016-05-20,07:47:48,73,True
022D513G64,2016-05-20,07:47:48,86,True
022D513G64,2016-05-01,16:08:56,73,False
022D513G64,2016-05-01,16:08:56,86,False
022D513G64,2016-05-01,17:11:33,73,True
022D513G64,2016-05-01,17:11:33,86,True
022D513G64,2016-05-06,17:11:09,73,True
022D513G64,2016-05-06,17:11:09,86,True
022D513G64,2016-05-20,02:36:04,73,True
022D513G64,2016-05-20,02:36:04,86,True
022D513G64,2016-05-20,04:29:03,73,True
022D513G64,2016-05-20,04:29:03,86,True
022D513G64,2016-05-16,18:11:37,76,True
022D513G64,2016-05-16,18:11:37,78,True
022D513G64,2016-05-16,15:32:43,76,True
022D513G64,2016-05-16,15:32:43,78,True
022D513G64,2016-05-16,14:01:06,77,True
022D513G64,2016-05-16,14:01:06,83,True
022D513G64,2016-05-16,15:16:54,77,True
022D513G64,2016-05-16,15:16:54,83,True
022D513G64,2016-05-19,22:57:13,77,True
022D513G64,2016-05-19,22:57:13,83,True
022D513G64,2016-05-16,17:19:19,79,True
022D513G64,2016-05-16,17:15:55,80,True
022D513G64,2016-05-16,18:50:48,80,False
022D513G64,2016-05-16,23:30:19,81,True
022D513G64,2016-05-16,23:38:37,81,True
022D513G64,2016-05-19,20:56:26,84,True
